City,State,Country,Latitude,Longitude,Timestamp,Temperature_C,Feels_Like_C,Humidity_%,Precipitation_mm,Rain_Probability_%,Wind_Speed_kmh,Pressure_hPa,Weather_Code,US_AQI,PM2_5,PM10,CO,NO2,SO2,O3,UV_Index,Temperature_Score,Humidity_Score,AQI_Score,UV_Score,Rain_Probability_Score,Climate_Impact_Score,Impact_Category,Main_Impact_Factors
Amalner,Maharashtra,India,21.03983,75.05887,2026-10-05 08:45:00,27.8,31.0,61,0.0,0,2.4,993.8,0,69,20.2,22.8,277.0,13.3,6.4,105.0,2.15,10,5,10,5,0,26.1,Low,No major factors
Chopda,Maharashtra,India,21.24578,75.29946,2026-10-05 08:45:00,26.7,29.8,63,0.0,0,2.2,993.1,0,69,20.2,22.8,356.0,13.3,6.4,105.0,2.15,10,5,10,5,0,26.1,Low,No major factors
Delhi,National Capital Territory of Delhi,India,28.65195,77.23149,2026-10-05 08:45:00,29.3,29.7,41,0.0,0,7.9,985.0,0,211,108.5,388.4,613.0,46.3,39.6,67.0,1.75,10,0,30,0,0,34.8,Moderate,Air Quality
Dharangaon,Maharashtra,India,21.01187,75.27407,2026-10-05 08:45:00,27.7,30.6,61,0.0,0,4.3,990.9,0,69,20.2,22.8,246.0,13.3,6.4,105.0,2.15,10,5,10,5,0,26.1,Low,No major factors
Dhule,Maharashtra,India,20.9013,74.77737,2026-10-05 08:45:00,28.9,31.0,48,0.0,0,1.8,985.2,0,66,23.4,27.2,278.0,6.9,17.2,114.0,2.1,10,0,10,5,0,21.7,Low,No major factors
Erandol,Maharashtra,India,20.92206,75.32641,2026-10-05 08:45:00,27.9,30.8,60,0.0,0,4.6,990.0,0,72,22.0,25.4,245.0,7.2,10.0,106.0,2.15,10,5,10,5,0,26.1,Low,No major factors
Jalgaon,Maharashtra,India,21.00292,75.56602,2026-10-05 08:45:00,27.3,29.9,59,0.0,0,2.9,989.5,0,75,21.9,24.9,320.0,13.4,5.9,89.0,2.2,10,5,10,5,0,26.1,Low,No major factors
Mumbai,Maharashtra,India,19.07283,72.88261,2026-10-05 08:45:00,29.6,33.5,65,0.0,0,8.1,1013.6,0,105,33.9,45.8,673.0,17.0,14.1,98.0,1.7,10,5,20,0,0,30.4,Moderate,Air Quality
Nashik,Maharashtra,India,19.99727,73.79096,2026-10-05 08:45:00,25.8,28.1,59,0.0,0,1.6,951.3,0,74,28.4,32.7,360.0,10.4,21.1,110.0,1.85,10,5,10,0,0,21.7,Low,No major factors
Pune,Maharashtra,India,18.51957,73.85535,2026-10-05 08:45:00,26.7,29.2,57,0.0,0,1.0,954.6,0,91,29.5,30.3,500.0,16.3,29.6,136.0,1.8,10,5,10,0,0,21.7,Low,No major factors
Amalner,Maharashtra,India,21.03983,75.05887,2026-10-05 09:15:00,28.7,32.0,56,0.0,0,1.2,994.1,0,69,20.2,22.8,277.0,13.3,6.4,105.0,2.15,10,5,10,5,0,26.1,Low,No major factors
Chopda,Maharashtra,India,21.24578,75.29946,2026-10-05 09:15:00,27.6,30.8,61,0.0,0,2.8,993.4,0,69,20.2,22.8,356.0,13.3,6.4,105.0,2.15,10,5,10,5,0,26.1,Low,No major factors
Delhi,National Capital Territory of Delhi,India,28.65195,77.23149,2026-10-05 09:15:00,30.4,30.5,38,0.0,0,9.0,985.3,0,211,108.5,388.4,613.0,46.3,39.6,67.0,1.75,20,0,30,0,0,43.5,Moderate,"Temperature, Air Quality"
Dharangaon,Maharashtra,India,21.01187,75.27407,2026-10-05 09:15:00,28.4,31.2,58,0.0,0,4.7,991.1,0,69,20.2,22.8,246.0,13.3,6.4,105.0,2.15,10,5,10,5,0,26.1,Low,No major factors
Dhule,Maharashtra,India,20.9013,74.77737,2026-10-05 09:15:00,30.0,32.1,44,0.0,0,0.6,985.5,0,66,23.4,27.2,278.0,6.9,17.2,114.0,2.1,10,0,10,5,0,21.7,Low,No major factors
Erandol,Maharashtra,India,20.92206,75.32641,2026-10-05 09:15:00,28.6,31.4,57,0.0,0,4.7,990.2,0,72,22.0,25.4,245.0,7.2,10.0,106.0,2.15,10,5,10,5,0,26.1,Low,No major factors
Jalgaon,Maharashtra,India,21.00292,75.56602,2026-10-05 09:15:00,28.3,30.9,55,0.0,0,3.2,989.8,0,75,21.9,24.9,320.0,13.4,5.9,89.0,2.2,10,5,10,5,0,26.1,Low,No major factors
Mumbai,Maharashtra,India,19.07283,72.88261,2026-10-05 09:15:00,30.6,34.1,61,0.0,0,9.2,1013.8,0,105,33.9,45.8,673.0,17.0,14.1,98.0,1.7,20,5,20,0,0,39.1,Moderate,"Temperature, Air Quality"
Nashik,Maharashtra,India,19.99727,73.79096,2026-10-05 09:15:00,27.1,29.2,55,0.0,0,2.6,951.7,0,74,28.4,32.7,360.0,10.4,21.1,110.0,1.85,10,5,10,0,0,21.7,Low,No major factors
Pune,Maharashtra,India,18.51957,73.85535,2026-10-05 09:15:00,28.0,30.0,51,0.0,0,2.7,954.9,0,91,29.5,30.3,500.0,16.3,29.6,136.0,1.8,10,5,10,0,0,21.7,Low,No major factors
Amalner,Maharashtra,India,21.03983,75.05887,2026-10-07 17:30:00,32.4,36.9,52,0.0,8,0.6,992.7,0,155,29.6,39.2,218.0,16.4,6.8,125.0,0.1,20,5,25,0,0,43.5,Moderate,"Temperature, Air Quality"
Chopda,Maharashtra,India,21.24578,75.29946,2026-10-07 17:30:00,31.8,37.2,60,0.0,0,1.1,991.7,0,155,29.6,39.2,289.0,16.4,6.8,125.0,0.1,20,5,25,0,0,43.5,Moderate,"Temperature, Air Quality"
Dharangaon,Maharashtra,India,21.01187,75.27407,2026-10-07 17:30:00,32.3,37.2,55,0.0,2,0.0,989.8,0,155,29.6,39.2,186.0,16.4,6.8,125.0,0.1,20,5,25,0,0,43.5,Moderate,"Temperature, Air Quality"
Dhule,Maharashtra,India,20.9013,74.77737,2026-10-07 17:30:00,33.6,34.1,31,0.0,10,5.6,984.4,0,164,29.2,38.8,207.0,3.4,10.0,167.0,0.1,20,0,25,0,0,39.1,Moderate,"Temperature, Air Quality"
Erandol,Maharashtra,India,20.92206,75.32641,2026-10-07 17:30:00,32.5,35.6,45,0.0,2,1.2,989.0,0,163,27.0,36.1,184.0,3.9,10.4,156.0,0.1,20,0,25,0,0,39.1,Moderate,"Temperature, Air Quality"
Jalgaon,Maharashtra,India,21.00292,75.56602,2026-10-07 17:30:00,33.6,35.1,37,0.0,4,5.5,988.3,0,125,22.6,27.7,207.0,10.7,6.7,112.0,0.1,20,0,20,0,0,34.8,Moderate,"Temperature, Air Quality"
Mumbai,Maharashtra,India,19.07283,72.88261,2026-10-07 17:30:00,32.5,36.0,54,0.0,16,9.0,1012.2,0,211,57.9,67.5,494.0,44.3,14.0,162.0,0.15,20,5,30,0,0,47.8,Moderate,"Temperature, Air Quality"
Pune,Maharashtra,India,18.51957,73.85535,2026-10-07 17:30:00,31.4,30.5,32,0.0,0,11.7,953.1,0,129,25.1,31.8,232.0,14.6,6.6,116.0,0.1,20,0,20,0,0,34.8,Moderate,"Temperature, Air Quality"
Delhi,National Capital Territory of Delhi,India,28.65195,77.23149,2026-10-07 17:45:00,31.9,34.0,46,0.0,2,7.8,986.9,0,194,68.9,202.6,501.0,22.8,27.2,171.0,0.05,20,0,25,0,0,39.1,Moderate,"Temperature, Air Quality"
Nashik,Maharashtra,India,19.99727,73.79096,2026-10-07 17:45:00,30.6,30.7,38,0.0,0,9.3,950.9,1,131,28.8,35.2,205.0,16.1,6.0,106.0,0.15,20,0,20,0,0,34.8,Moderate,"Temperature, Air Quality"
Amalner,Maharashtra,India,21.03983,75.05887,2026-10-07 18:15:00,30.8,33.6,52,0.0,6,5.9,992.5,0,155,29.6,39.2,218.0,16.4,6.8,125.0,0.1,20,5,25,0,0,43.5,Moderate,"Temperature, Air Quality"
Chopda,Maharashtra,India,21.24578,75.29946,2026-10-07 18:15:00,30.2,35.0,62,0.0,0,0.3,991.8,0,155,29.6,39.2,289.0,16.4,6.8,125.0,0.1,20,5,25,0,0,43.5,Moderate,"Temperature, Air Quality"
Delhi,National Capital Territory of Delhi,India,28.65195,77.23149,2026-10-07 18:15:00,31.5,34.2,48,0.0,2,5.1,987.5,0,194,68.9,202.6,501.0,22.8,27.2,171.0,0.05,20,0,25,0,0,39.1,Moderate,"Temperature, Air Quality"
Dharangaon,Maharashtra,India,21.01187,75.27407,2026-10-07 18:15:00,30.3,33.9,55,0.0,2,2.8,989.5,0,155,29.6,39.2,186.0,16.4,6.8,125.0,0.1,20,5,25,0,0,43.5,Moderate,"Temperature, Air Quality"
Dhule,Maharashtra,India,20.9013,74.77737,2026-10-07 18:15:00,33.1,33.5,32,0.0,7,6.3,984.4,0,164,29.2,38.8,207.0,3.4,10.0,167.0,0.1,20,0,25,0,0,39.1,Moderate,"Temperature, Air Quality"
Erandol,Maharashtra,India,20.92206,75.32641,2026-10-07 18:15:00,30.6,33.5,52,0.0,2,4.6,988.8,0,163,27.0,36.1,184.0,3.9,10.4,156.0,0.1,20,5,25,0,0,43.5,Moderate,"Temperature, Air Quality"
Jalgaon,Maharashtra,India,21.00292,75.56602,2026-10-07 18:15:00,32.3,34.5,40,0.0,3,2.1,988.2,0,125,22.6,27.7,207.0,10.7,6.7,112.0,0.1,20,0,20,0,0,34.8,Moderate,"Temperature, Air Quality"
Mumbai,Maharashtra,India,19.07283,72.88261,2026-10-07 18:15:00,31.5,35.3,59,0.0,9,9.3,1012.2,0,211,57.9,67.5,494.0,44.3,14.0,162.0,0.15,20,5,30,0,0,47.8,Moderate,"Temperature, Air Quality"
Nashik,Maharashtra,India,19.99727,73.79096,2026-10-07 18:15:00,29.4,30.4,43,0.0,0,5.9,950.6,1,131,28.8,35.2,205.0,16.1,6.0,106.0,0.15,10,0,20,0,0,26.1,Low,Air Quality
Pune,Maharashtra,India,18.51957,73.85535,2026-10-07 18:15:00,30.6,30.2,34,0.0,0,9.1,953.2,0,129,25.1,31.8,232.0,14.6,6.6,116.0,0.1,20,0,20,0,0,34.8,Moderate,"Temperature, Air Quality"
