City,Latitude,Longitude,Time,US_AQI,PM2_5,PM10,CO,NO2,SO2,O3,UV_Index
Jalgaon,21.00292,75.56602,2026-10-07T17:30,125,22.6,27.7,207.0,10.7,6.7,112.0,0.1
Dharangaon,21.01187,75.27407,2026-10-07T17:30,155,29.6,39.2,186.0,16.4,6.8,125.0,0.1
Chopda,21.24578,75.29946,2026-10-07T17:30,155,29.6,39.2,289.0,16.4,6.8,125.0,0.1
Amalner,21.03983,75.05887,2026-10-07T17:30,155,29.6,39.2,218.0,16.4,6.8,125.0,0.1
Erandol,20.92206,75.32641,2026-10-07T17:30,163,27.0,36.1,184.0,3.9,10.4,156.0,0.1
Dhule,20.9013,74.77737,2026-10-07T17:30,164,29.2,38.8,207.0,3.4,10.0,167.0,0.1
Pune,18.51957,73.85535,2026-10-07T17:30,129,25.1,31.8,232.0,14.6,6.6,116.0,0.1
Mumbai,19.07283,72.88261,2026-10-07T17:30,211,57.9,67.5,494.0,44.3,14.0,162.0,0.15
Delhi,28.65195,77.23149,2026-10-07T17:30,194,68.9,202.6,501.0,22.8,27.2,171.0,0.05
Nashik,19.99727,73.79096,2026-10-07T17:30,131,28.8,35.2,205.0,16.1,6.0,106.0,0.15
